ZCTA,lat,lon,city
22003,38.8308,-77.21402,Annandale
22015,38.78784,-77.28136,Burke
22025,38.59874,-77.3491,Dumfries
22026,38.56717,-77.29476,Dumfries
22027,38.89411,-77.22159,Dunn Loring
22030,38.83891,-77.34188,Fairfax
22031,38.85954,-77.2599,Fairfax
22032,38.82012,-77.29032,Fairfax
22033,38.87564,-77.38419,Fairfax
22035,38.85628,-77.36269,Fairfax
22039,38.74992,-77.31536,Fairfax Station
22041,38.8485,-77.14212,Falls Church
22042,38.86463,-77.19406,Falls Church
22043,38.90076,-77.19746,Falls Church
22044,38.85957,-77.15627,Falls Church
22046,38.88696,-77.18025,Falls Church
22060,38.70525,-77.15636,Fort Belvoir
22066,39.01032,-77.30258,Great Falls
22079,38.67998,-77.2055,Lorton
22101,38.9386,-77.16513,McLean
22102,38.95199,-77.22901,McLean
22124,38.8909,-77.33025,Oakton
22125,38.68217,-77.26073,Occoquan
22134,38.53186,-77.409,Quantico
22150,38.77198,-77.18605,Springfield
22151,38.80283,-77.2096,Springfield
22152,38.77564,-77.23149,Springfield
22153,38.74443,-77.23451,Springfield
22172,38.5742,-77.3895,Triangle
22180,38.89619,-77.25426,Vienna
22181,38.9053,-77.29466,Vienna
22182,38.93611,-77.2736,Vienna
22191,38.6249,-77.26849,Woodbridge
22192,38.68358,-77.31821,Woodbridge
22193,38.64233,-77.34881,Woodbridge
22201,38.88684,-77.09501,Arlington
22202,38.8569,-77.05175,Arlington
22203,38.87377,-77.1164,Arlington
22204,38.86076,-77.09894,Arlington
22205,38.88337,-77.13948,Arlington
22206,38.8442,-77.0886,Arlington
22207,38.90665,-77.12384,Arlington
22209,38.89413,-77.07309,Arlington
22211,38.88011,-77.07482,Fort Myer
22213,38.89459,-77.16239,Arlington
22214,38.87499,-77.06501,Arlington
22301,38.81995,-77.05934,Alexandria
22302,38.82799,-77.08432,Alexandria
22303,38.794,-77.08175,Alexandria
22304,38.81361,-77.11498,Alexandria
22305,38.83655,-77.06234,Alexandria
22306,38.75655,-77.09254,Alexandria
22307,38.7708,-77.05694,Alexandria
22308,38.72957,-77.05876,Alexandria
22309,38.71931,-77.10724,Alexandria
22310,38.78447,-77.12231,Alexandria
22311,38.83442,-77.12313,Alexandria
22312,38.81685,-77.15372,Alexandria
22314,38.80732,-77.0563,Alexandria
22315,38.75735,-77.14803,Alexandria
22401,38.29928,-77.48704,Fredericksburg
22405,38.31568,-77.40377,Fredericksburg
22406,38.39964,-77.55596,Fredericksburg
22407,38.28581,-77.58055,Fredericksburg
22408,38.21916,-77.44013,Fredericksburg
22427,38.07177,-77.28624,Bowling Green
22432,37.8637,-76.35043,Burgess
22433,38.35875,-77.86093,Burr Hill
22435,37.97216,-76.57288,Callao
22436,38.04698,-77.07471,Caret
22437,37.7764,-76.8156,Center Cross
22438,38.03788,-76.99971,Champlain
22443,38.18078,-76.99776,Colonial Beach
22448,38.33996,-77.03238,Dahlgren
22454,37.83599,-76.85032,Dunnsville
22460,37.87612,-76.60692,Farnham
22469,38.0667,-76.64749,Hague
22472,37.95897,-76.67257,Haynesville
22473,37.88316,-76.41386,Heathsville
22476,38.03807,-77.06872,Hustle
22480,37.66631,-76.41498,Irvington
22482,37.73723,-76.35245,Kilmarnock
22485,38.2717,-77.15996,King George
22488,38.04986,-76.58796,Kinsale
22503,37.7624,-76.50432,Lancaster
22504,37.76346,-76.72675,Laneview
22508,38.31732,-77.7913,Locust Grove
22509,38.10642,-77.06669,Loretto
22511,37.98352,-76.50323,Lottsburg
22514,37.9724,-77.24471,Milford
22520,38.11651,-76.80634,Montross
22529,38.01036,-76.67942,Oldhams
22534,38.08473,-77.67062,Partlow
22535,38.12314,-77.19619,Port Royal
22538,38.18941,-77.27334,Rappahannock Academy
22539,37.85865,-76.28731,Reedville
22542,38.29348,-77.88837,Rhoadesville
22546,37.94342,-77.44565,Ruther Glen
22548,37.82929,-76.69256,Sharps
22551,38.17273,-77.70575,Spotsylvania
22553,38.26594,-77.6397,Spotsylvania
22554,38.42285,-77.3835,Stafford
22556,38.48624,-77.513,Stafford
22560,37.91289,-76.96196,Tappahannock
22567,38.23395,-77.92401,Unionville
22572,37.97552,-76.77495,Warsaw
22576,37.69398,-76.43277,Weems
22578,37.65063,-76.36268,White Stone
22580,38.10941,-77.44419,Woodford
22601,39.1743,-78.1743,Winchester
22602,39.1508,-78.26555,Winchester
22603,39.28153,-78.2056,Winchester
22610,38.81803,-78.28102,Bentonville
22611,39.16374,-77.98512,Berryville
22620,39.06417,-78.03317,Boyce
22623,38.85158,-78.13734,Chester Gap
22624,39.26535,-78.09507,Clear Brook
22625,39.37397,-78.31172,Cross Junction
22627,38.76554,-78.11371,Flint Hill
22630,38.92909,-78.18052,Front Royal
22637,39.25057,-78.3605,Gore
22639,38.82625,-78.0321,Hume
22640,38.80737,-78.13302,Huntly
22641,39.07795,-78.38588,Strasburg
22642,38.91532,-78.06538,Linden
22643,38.9034,-78.00801,Markham
22644,38.96362,-78.5314,Maurertown
22645,39.02152,-78.27457,Middletown
22646,39.07019,-78.04803,Millwood
22650,38.75893,-78.35817,Rileyville
22652,38.83921,-78.42894,Fort Valley
22654,39.06863,-78.4586,Star Tannery
22655,39.06443,-78.21425,Stephens City
22656,39.21723,-78.08901,Stephenson
22657,39.00155,-78.36755,Strasburg
22660,38.95628,-78.4383,Toms Brook
22663,39.05,-78.11716,White Post
22664,38.8944,-78.53119,Woodstock
22701,38.44038,-77.99633,Culpeper
22709,38.32769,-78.21732,Aroda
22711,38.46239,-78.27634,Banco
22712,38.55632,-77.75884,Bealeton
22713,38.54123,-78.13204,Boston
22714,38.52068,-77.89363,Brandy Station
22715,38.41032,-78.18541,Brightwood
22716,38.62596,-78.10794,Castleton
22718,38.47076,-77.82026,Elkwood
22719,38.52888,-78.28337,Etlan
22720,38.48044,-77.6468,Goldvein
22722,38.46304,-78.22645,Haywood
22723,38.33789,-78.38821,Hood
22724,38.63286,-77.90752,Jeffersonton
22725,38.44029,-78.1527,Leon
22726,38.40179,-77.81796,Lignum
22727,38.39626,-78.30058,Madison
22728,38.57773,-77.68639,Midland
22729,38.35658,-78.01596,Mitchells
22730,38.36782,-78.16635,Oakpark
22731,38.34413,-78.26151,Pratts
22732,38.30886,-78.19153,Radiant
22733,38.33191,-78.0467,Rapidan
22734,38.52757,-77.81119,Remington
22735,38.47941,-78.18336,Reva
22736,38.39633,-77.69673,Richardsville
22737,38.59024,-78.00205,Rixeyville
22738,38.28692,-78.27685,Rochelle
22740,38.63805,-78.26163,Sperryville
22741,38.44541,-77.86819,Stevensburg
22742,38.4589,-77.71179,Sumerduck
22743,38.52477,-78.37132,Syria
22746,38.62922,-78.0195,Viewtown
22747,38.7122,-78.16768,Washington
22749,38.61945,-78.18394,Woodville
22801,38.40519,-78.87931,Harrisonburg
22802,38.50016,-78.8585,Harrisonburg
22807,38.43495,-78.86736,Harrisonburg
22810,38.84466,-78.78554,Basye
22811,38.79264,-78.9757,Bergton
22812,38.37934,-79.03836,Bridgewater
22815,38.63469,-78.80939,Broadway
22820,38.74387,-79.00948,Criders
22821,38.46349,-79.0743,Dayton
22824,38.84743,-78.6278,Edinburg
22827,38.3903,-78.6131,Elkton
22830,38.65789,-78.97902,Fulks Run
22831,38.56395,-79.10005,Hinton
22832,38.45778,-78.75692,Keezletown
22834,38.55709,-78.85769,Linville
22835,38.67199,-78.4548,Luray
22840,38.38642,-78.73845,McGaheysville
22841,38.33887,-78.89417,Mount Crawford
22842,38.77191,-78.6992,Mount Jackson
22843,38.36703,-79.16053,Mount Solon
22844,38.65886,-78.66038,New Market
22845,38.77991,-78.8375,Orkney Springs
22846,38.38791,-78.79239,Penn Laird
22847,38.71792,-78.70972,Quicksburg
22849,38.5256,-78.6253,Shenandoah
22850,38.56668,-78.92048,Singers Glen
22851,38.56061,-78.51061,Stanley
22853,38.65156,-78.76406,Timberville
22901,38.08874,-78.55569,Charlottesville
22902,37.95566,-78.46883,Charlottesville
22903,38.01239,-78.60159,Charlottesville
22904,38.03492,-78.51161,Charlottesville
22908,38.03103,-78.49639,Charlottesville
22911,38.09522,-78.4078,Charlottesville
22920,37.97294,-78.81276,Afton
22922,37.68621,-78.92511,Arrington
22923,38.18671,-78.32405,Barboursville
22931,37.90374,-78.71696,Covesville
22932,38.15037,-78.69743,Crozet
22935,38.25785,-78.55474,Dyke
22936,38.1671,-78.49974,Earlysville
22937,37.81297,-78.60891,Esmont
22938,37.86256,-78.78248,Faber
22939,38.10575,-78.97288,Fishersville
22940,38.20559,-78.59705,Free Union
22942,38.10397,-78.19684,Gordonsville
22943,38.04508,-78.78369,Greenwood
22946,37.84789,-78.56053,Keene
22947,38.04326,-78.32624,Keswick
22948,38.35154,-78.12264,Locust Dale
22949,37.788,-78.88257,Lovingston
22952,37.95836,-78.97136,Lyndhurst
22957,38.22998,-78.1918,Montpelier Station
22958,37.8983,-78.89611,Nellysford
22959,37.93758,-78.64794,North Garden
22960,38.21992,-78.06624,Orange
22963,37.84793,-78.28524,Palmyra
22964,37.71722,-78.98861,Piney River
22967,37.79945,-79.0192,Roseland
22968,38.24111,-78.39407,Ruckersville
22969,37.79699,-78.69367,Schuyler
22971,37.75019,-78.80299,Shipman
22972,38.21746,-78.23451,Somerset
22973,38.33588,-78.46915,Stanardsville
22974,37.96207,-78.2753,Troy
22976,37.84555,-79.04036,Tyro
22980,38.09588,-78.88585,Waynesboro
22989,38.29328,-78.11943,Woodberry Forest
23002,37.34917,-77.96357,Amelia Court House
23004,37.68307,-78.40567,Arvonia
23005,37.75982,-77.4826,Ashland
23009,37.81038,-77.18717,Aylett
23011,37.47562,-76.80691,Barhamsville
23015,37.93127,-77.63124,Beaverdam
23021,37.40102,-76.37187,Bohannon
23022,37.7353,-78.26432,Bremo Bluff
23023,37.78293,-76.96586,Bruington
23024,37.92448,-77.77554,Bumpass
23025,37.41447,-76.36204,Cardinal
23027,37.64551,-78.13183,Cartersville
23030,37.34652,-77.05962,Charles City
23032,37.65552,-76.68199,Church View
23035,37.49809,-76.37679,Cobbs Creek
23038,37.75627,-78.14552,Columbia
23039,37.65503,-77.80596,Crozier
23040,37.51017,-78.24919,Cumberland
23043,37.55519,-76.34357,Deltaville
23045,37.42937,-76.27069,Diggs
23047,37.84765,-77.48973,Doswell
23050,37.48918,-76.41986,Dutton
23055,37.7706,-78.21852,Fork Union
23056,37.41809,-76.38724,Foster
23059,37.70424,-77.56539,Glen Allen
23060,37.65981,-77.53427,Glen Allen
23061,37.4331,-76.55019,Gloucester
23062,37.258,-76.50404,Gloucester Point
23063,37.71694,-77.99882,Goochland
23065,37.8016,-77.92979,Gum Spring
23066,37.49836,-76.28831,Gwynn
23068,37.49511,-76.33727,Hallieford
23069,37.76924,-77.32874,Hanover
23070,37.55065,-76.38528,Hardyville
23071,37.54326,-76.45228,Hartfield
23072,37.29543,-76.48148,Hayes
23075,37.54938,-77.31591,Henrico
23076,37.47328,-76.30499,Hudgins
23079,37.7248,-76.68941,Jamaica
23081,37.20758,-76.7617,Jamestown
23083,37.31899,-78.11111,Jetersville
23084,37.8864,-78.11162,Kents Store
23085,37.70623,-76.84205,King And Queen Court House
23086,37.66296,-77.05394,King William
23089,37.47593,-76.91212,Lanexa
23091,37.64647,-76.80167,Little Plymouth
23092,37.59402,-76.50755,Locust Hill
23093,38.00153,-78.03595,Louisa
23102,37.71053,-77.83325,Maidens
23103,37.6506,-77.72754,Manakin Sabot
23106,37.71524,-77.2062,Manquin
23108,37.65523,-76.73015,Mascot
23109,37.43263,-76.32445,Mathews
23110,37.58338,-76.76578,Mattaponi
23111,37.6112,-77.24697,Mechanicsville
23112,37.43738,-77.66394,Midlothian
23113,37.53935,-77.68093,Midlothian
23114,37.48317,-77.66054,Midlothian
23116,37.67152,-77.33458,Mechanicsville
23117,37.97736,-77.87365,Mineral
23119,37.45139,-76.27978,Moon
23120,37.40872,-77.78468,Moseley
23123,37.65238,-78.3031,New Canton
23124,37.55271,-77.05949,New Kent
23126,37.92285,-77.1448,Newtown
23128,37.4514,-76.43216,North
23129,37.705,-77.78261,Oilville
23130,37.39048,-76.26494,Onemo
23138,37.36245,-76.30062,Port Haywood
23139,37.54999,-77.93507,Powhatan
23140,37.43852,-77.04818,Providence Forge
23141,37.53042,-77.15791,Quinton
23146,37.7273,-77.70928,Rockville
23147,37.36965,-77.0391,Ruthville
23148,37.84262,-77.06223,Saint Stephens Church
23149,37.56794,-76.61599,Saluda
23150,37.50718,-77.25402,Sandston
23153,37.77641,-77.95719,Sandy Hook
23156,37.5244,-76.71106,Shacklefords
23160,37.62757,-77.84028,State Farm
23161,37.72152,-76.93037,Stevensville
23163,37.3572,-76.29765,Susan
23168,37.3942,-76.832,Toano
23169,37.58945,-76.46225,Topping
23173,37.57677,-77.54069,Richmond
23175,37.65343,-76.62407,Urbanna
23176,37.56934,-76.41991,Wake
23177,37.73088,-77.00295,Walkerton
23180,37.69977,-76.62045,Water View
23181,37.59809,-76.889,West Point
23185,37.24927,-76.68702,Williamsburg
23188,37.33849,-76.74925,Williamsburg
23192,37.81732,-77.68209,Montpelier
23219,37.54076,-77.43484,Richmond
23220,37.54923,-77.46012,Richmond
23221,37.5533,-77.49056,Richmond
23222,37.58265,-77.41894,Richmond
23223,37.55595,-77.37927,Richmond
23224,37.4985,-77.46563,Richmond
23225,37.51872,-77.51044,Richmond
23226,37.57774,-77.5198,Richmond
23227,37.61486,-77.44234,Richmond
23228,37.62588,-77.49125,Henrico
23229,37.58785,-77.56973,Henrico
23230,37.587,-77.49153,Richmond
23231,37.44219,-77.31903,Henrico
23233,37.64461,-77.62828,Henrico
23234,37.45293,-77.46752,Richmond
23235,37.51314,-77.56426,Richmond
23236,37.47438,-77.58634,Richmond
23237,37.40173,-77.45433,Richmond
23238,37.59595,-77.64138,Henrico
23250,37.50517,-77.32098,Richmond
23284,37.54759,-77.45273,Richmond
23294,37.63048,-77.54205,Henrico
23298,37.5416,-77.42954,Richmond
23301,37.68402,-75.6397,Accomac
23302,37.85858,-75.52197,Assawoman
23303,37.90346,-75.50562,Atlantic
23304,36.99586,-76.56993,Battery Park
23306,37.56859,-75.88148,Belle Haven
23307,37.43282,-75.87095,Birdsnest
23308,37.82431,-75.61773,Bloxom
23310,37.26407,-75.95676,Cape Charles
23314,36.95054,-76.53625,Carrollton
23315,36.73861,-76.84289,Carrsville
23316,37.29517,-75.96635,Cheriton
23320,36.75208,-76.21807,Chesapeake
23321,36.80067,-76.42189,Chesapeake
23322,36.62703,-76.26929,Chesapeake
23323,36.70785,-76.37949,Chesapeake
23324,36.79996,-76.27517,Chesapeake
23325,36.81507,-76.239,Chesapeake
23336,37.95461,-75.33759,Chincoteague Island
23337,37.93332,-75.46691,Wallops Island
23347,37.36026,-75.96798,Eastville
23350,37.51489,-75.87428,Exmore
23354,37.47806,-75.90225,Franktown
23356,37.9905,-75.39228,Greenbackville
23357,37.75862,-75.67459,Greenbush
23358,37.64406,-75.86495,Hacksneck
23359,37.88643,-75.60422,Hallwood
23389,37.65731,-75.83226,Harborton
23395,37.97051,-75.45159,Horntown
23398,37.52054,-75.93971,Jamesville
23401,37.62776,-75.77843,Keller
23405,37.41466,-75.91969,Machipongo
23407,37.8432,-75.55362,Mappsville
23408,37.4533,-75.84587,Marionville
23409,37.88017,-75.64709,Mears
23410,37.63802,-75.74306,Melfa
23413,37.4653,-75.85356,Nassawadox
23414,37.81375,-75.58688,Nelsonia
23415,37.97459,-75.53443,New Church
23416,37.93371,-75.557,Oak Hall
23417,37.73061,-75.76687,Onancock
23418,37.63821,-75.66926,Onley
23420,37.58275,-75.81166,Painter
23421,37.76564,-75.61429,Parksley
23422,37.63647,-75.82397,Pungoteague
23423,37.52361,-75.73969,Quinby
23426,37.92706,-75.67506,Sanford
23427,37.9124,-75.71344,Saxis
23430,36.98615,-76.66337,Smithfield
23432,36.87099,-76.55097,Suffolk
23433,36.90763,-76.49183,Suffolk
23434,36.70163,-76.59074,Suffolk
23435,36.83751,-76.4803,Suffolk
23436,36.89516,-76.50873,Suffolk
23437,36.63533,-76.80256,Suffolk
23438,36.58116,-76.69749,Suffolk
23440,37.83048,-75.99019,Tangier
23441,37.71208,-75.69943,Tasley
23442,37.90127,-75.56874,Temperanceville
23451,36.87175,-76.00689,Virginia Beach
23452,36.84604,-76.09197,Virginia Beach
23453,36.785,-76.07679,Virginia Beach
23454,36.83216,-76.02616,Virginia Beach
23455,36.88974,-76.1441,Virginia Beach
23456,36.73435,-76.03492,Virginia Beach
23457,36.61686,-76.01576,Virginia Beach
23459,36.91607,-76.17043,Virginia Beach
23460,36.81848,-76.03161,Virginia Beach
23461,36.77244,-75.96172,Virginia Beach
23462,36.8366,-76.15105,Virginia Beach
23464,36.79732,-76.17899,Virginia Beach
23480,37.61388,-75.69077,Wachapreague
23486,37.5177,-75.80824,Willis Wharf
23487,36.85197,-76.72303,Windsor
23488,37.95237,-75.60831,Withams
23502,36.86274,-76.20983,Norfolk
23503,36.94727,-76.26223,Norfolk
23504,36.85677,-76.26568,Norfolk
23505,36.91418,-76.29081,Norfolk
23507,36.8642,-76.30304,Norfolk
23508,36.8844,-76.30898,Norfolk
23509,36.88215,-76.26203,Norfolk
23510,36.8518,-76.29154,Norfolk
23511,36.94,-76.30055,Norfolk
23513,36.88948,-76.23831,Norfolk
23517,36.86927,-76.29198,Norfolk
23518,36.91638,-76.21586,Norfolk
23523,36.83254,-76.27199,Norfolk
23551,36.92359,-76.29238,Norfolk
23601,37.05862,-76.46414,Newport News
23602,37.11511,-76.51625,Newport News
23603,37.19188,-76.56563,Newport News
23604,37.13195,-76.58902,Fort Eustis
23605,37.01754,-76.43527,Newport News
23606,37.07847,-76.49557,Newport News
23607,36.98753,-76.42235,Newport News
23608,37.15093,-76.54343,Newport News
23651,37.0099,-76.30451,Fort Monroe
23661,37.00804,-76.38631,Hampton
23662,37.13178,-76.35678,Poquoson
23663,37.03216,-76.31589,Hampton
23664,37.07467,-76.2925,Hampton
23665,37.08963,-76.36302,Hampton
23666,37.05818,-76.40817,Hampton
23667,37.02081,-76.33093,Hampton
23668,37.02034,-76.33839,Hampton
23669,37.05052,-76.33952,Hampton
23681,37.09697,-76.38389,Hampton
23690,37.21829,-76.52371,Yorktown
23691,37.25906,-76.57322,Yorktown
23692,37.18107,-76.45868,Yorktown
23693,37.12669,-76.44755,Yorktown
23696,37.19249,-76.42589,Seaford
23701,36.81158,-76.36986,Portsmouth
23702,36.80292,-76.32679,Portsmouth
23703,36.88039,-76.37101,Portsmouth
23704,36.82603,-76.3123,Portsmouth
23707,36.84255,-76.34002,Portsmouth
23708,36.84804,-76.30646,Portsmouth
23709,36.81685,-76.29846,Portsmouth
23801,37.23618,-77.33582,Fort Lee
23803,37.21183,-77.48028,Petersburg
23805,37.12922,-77.3953,Petersburg
23821,36.876,-77.91794,Alberta
23824,37.08767,-77.95749,Blackstone
23827,36.61491,-77.20724,Boykins
23828,36.58693,-77.28557,Branchville
23829,36.73393,-77.22525,Capron
23830,37.02098,-77.39771,Carson
23831,37.34437,-77.44998,Chester
23832,37.39436,-77.59491,Chesterfield
23833,37.21094,-77.66947,Church Road
23834,37.28911,-77.40063,Colonial Heights
23836,37.35087,-77.33253,Chester
23837,36.75816,-77.08753,Courtland
23838,37.31772,-77.63288,Chesterfield
23839,37.08718,-76.91895,Dendron
23840,37.05638,-77.67076,Dewitt
23841,37.05421,-77.55305,Dinwiddie
23842,37.13625,-77.22086,Disputanta
23843,36.84988,-77.8109,Dolphin
23844,36.67032,-77.3358,Drewryville
23845,36.57048,-77.99322,Ebony
23846,37.05947,-76.83224,Elberon
23847,36.668,-77.54972,Emporia
23850,37.16276,-77.7434,Ford
23851,36.6521,-76.95776,Franklin
23856,36.78735,-77.70291,Freeman
23857,36.58389,-77.88588,Gasburg
23860,37.28267,-77.22267,Hopewell
23866,36.92012,-76.86693,Ivor
23867,36.82063,-77.4878,Jarratt
23868,36.70991,-77.8038,Lawrenceville
23870,36.75241,-77.50016,Jarratt
23872,36.98351,-77.72629,McKenney
23874,36.60761,-77.09803,Newsoms
23875,37.22941,-77.25845,Prince George
23876,36.95635,-77.83343,Rawlings
23878,36.8291,-77.02065,Sedley
23879,36.59224,-77.59547,Skippers
23881,37.1917,-76.98588,Spring Grove
23882,36.92591,-77.41543,Stony Creek
23883,37.12546,-76.7502,Surry
23884,36.91733,-77.28011,Sussex
23885,37.18521,-77.57834,Sutherland
23887,36.56762,-77.81658,Valentines
23888,36.95383,-76.97802,Wakefield
23889,36.8972,-77.74395,Warfield
23890,37.00755,-77.11837,Waverly
23891,37.04752,-77.20367,Waverly
23893,36.6244,-77.93658,White Plains
23894,37.13867,-77.82404,Wilsons
23897,36.83399,-77.28234,Yale
23898,36.82737,-76.85662,Zuni
23899,37.23079,-76.96562,Claremont
23901,37.32309,-78.41186,Farmville
23909,37.29891,-78.39635,Farmville
23915,36.70668,-78.28627,Baskerville
23917,36.62378,-78.34144,Boydton
23919,36.59103,-78.13305,Bracey
23920,36.72452,-77.97266,Brodnax
23921,37.59143,-78.61413,Buckingham
23922,37.17987,-78.21219,Burkeville
23923,37.09316,-78.64627,Charlotte Court House
23924,36.80919,-78.43396,Chase City
23927,36.60899,-78.51258,Clarksville
23930,37.17468,-78.09608,Crewe
23934,37.17613,-78.62373,Cullen
23936,37.52494,-78.4819,Dillwyn
23937,36.94547,-78.52463,Drakes Branch
23938,36.90541,-78.00464,Dundas
23942,37.13241,-78.30138,Green Bay
23943,37.24181,-78.46041,Hampden Sydney
23944,36.9056,-78.13319,Kenbridge
23947,37.02265,-78.44284,Keysville
23950,36.66005,-78.07699,La Crosse
23952,36.91786,-78.27886,Lunenburg
23954,37.10893,-78.38705,Meherrin
23955,37.10816,-78.06556,Nottoway
23958,37.26848,-78.65581,Pamplin
23959,37.10472,-78.79654,Phenix
23960,37.31531,-78.5579,Prospect
23962,36.93865,-78.70399,Randolph
23963,37.195,-78.80168,Red House
23964,36.77713,-78.63149,Red Oak
23966,37.29177,-78.27418,Rice
23967,36.91813,-78.62857,Saxe
23968,36.72123,-78.51922,Skipwith
23970,36.74818,-78.18637,South Hill
23974,36.97323,-78.24549,Victoria
23976,36.8482,-78.5797,Wylliesburg
24011,37.27048,-79.94128,Roanoke
24012,37.31585,-79.89833,Roanoke
24013,37.26691,-79.92219,Roanoke
24014,37.22427,-79.91282,Roanoke
24015,37.25588,-79.97979,Roanoke
24016,37.27208,-79.95468,Roanoke
24017,37.29472,-79.99183,Roanoke
24018,37.21238,-80.04261,Roanoke
24019,37.3446,-79.95564,Roanoke
24020,37.35739,-79.94279,Roanoke
24022,37.27689,-79.93429,Roanoke
24053,36.60999,-80.53283,Ararat
24054,36.67806,-79.70396,Axton
24055,36.76333,-79.99741,Bassett
24058,37.18257,-80.61637,Belspring
24059,37.15577,-80.13159,Bent Mountain
24060,37.25772,-80.41961,Blacksburg
24061,37.22539,-80.42658,Blacksburg
24064,37.37237,-79.7759,Blue Ridge
24065,37.11814,-79.96453,Boones Mill
24066,37.5382,-79.67822,Buchanan
24067,37.03737,-80.06884,Callaway
24069,36.58376,-79.63779,Cascade
24070,37.37316,-80.21238,Catawba
24072,37.03809,-80.23113,Check
24073,37.13053,-80.4225,Christiansburg
24076,36.59704,-80.42116,Claudville
24077,37.36337,-79.90278,Cloverdale
24078,36.72376,-79.91303,Collinsville
24079,37.0539,-80.15418,Copper Hill
24082,36.62923,-80.13204,Critz
24083,37.40614,-79.92031,Daleville
24084,37.11468,-80.79088,Dublin
24085,37.67539,-79.83639,Eagle Rock
24086,37.27268,-80.63585,Eggleston
24087,37.22594,-80.24748,Elliston
24088,36.89492,-80.0798,Ferrum
24089,36.70392,-79.96078,Fieldale
24090,37.52633,-79.88921,Fincastle
24091,36.92131,-80.32264,Floyd
24092,37.00158,-79.76306,Glade Hill
24093,37.38784,-80.85657,Glen Lyn
24095,37.22304,-79.73787,Goodview
24101,37.17702,-79.80111,Hardy
24102,36.83994,-79.99891,Henry
24104,37.13546,-79.48773,Huddleston
24105,36.90278,-80.60127,Indian Valley
24112,36.72378,-79.84921,Martinsville
24120,36.71891,-80.41277,Meadows Of Dan
24121,37.1709,-79.64141,Moneta
24122,37.4212,-79.69372,Montvale
24124,37.30996,-80.86774,Narrows
24127,37.47949,-80.19468,New Castle
24128,37.3426,-80.47196,Newport
24129,37.13947,-80.5918,New River
24131,37.56836,-80.22894,Paint Bank
24132,37.20534,-80.64707,Parrott
24133,36.67563,-80.12794,Patrick Springs
24134,37.24595,-80.77901,Pearisburg
24136,37.31927,-80.60686,Pembroke
24137,36.92587,-79.65456,Penhook
24138,37.05052,-80.31684,Pilot
24139,37.01092,-79.4752,Pittsville
24141,37.10105,-80.56677,Radford
24142,37.13833,-80.55084,Radford
24147,37.40178,-80.82815,Rich Creek
24148,36.58156,-79.87231,Ridgeway
24149,37.02277,-80.43424,Riner
24150,37.40229,-80.59694,Ripplemead
24151,36.95827,-79.86457,Rocky Mount
24153,37.29674,-80.11609,Salem
24161,36.98132,-79.54391,Sandy Level
24162,37.13735,-80.25828,Shawsville
24165,36.58368,-80.05319,Spencer
24167,37.24718,-80.7345,Staffordsville
24168,36.73613,-79.94876,Stanleytown
24171,36.67095,-80.23835,Stuart
24174,37.35087,-79.66762,Thaxton
24175,37.42589,-79.93788,Troutville
24176,37.00937,-79.69193,Union Hall
24179,37.2855,-79.79963,Vinton
24184,37.0881,-79.77642,Wirtz
24185,36.80868,-80.27557,Woolwine
24201,36.61059,-82.16971,Bristol
24202,36.65904,-82.21564,Bristol
24210,36.77231,-82.02244,Abingdon
24211,36.65413,-81.95643,Abingdon
24216,36.94237,-82.79571,Appalachia
24217,37.1014,-82.17783,Bee
24219,36.84831,-82.74645,Big Stone Gap
24220,37.11957,-82.22641,Birchleaf
24221,36.63398,-82.9943,Blackwater
24224,36.86059,-82.28322,Castlewood
24225,36.97543,-82.14115,Cleveland
24226,37.14223,-82.33384,Clinchco
24228,37.17047,-82.44963,Clintwood
24230,36.96928,-82.45449,Coeburn
24236,36.64408,-81.73689,Damascus
24237,37.03939,-82.26424,Dante
24239,37.1136,-82.14577,Davenport
24243,36.78174,-82.92083,Dryden
24244,36.71075,-82.79785,Duffield
24245,36.84045,-82.51598,Dungannon
24246,36.86609,-82.74395,East Stone Gap
24248,36.62708,-83.50767,Ewing
24250,36.75752,-82.58705,Fort Blackmore
24251,36.65807,-82.60582,Gate City
24256,37.22344,-82.28503,Haysi
24258,36.6517,-82.41199,Hiltons
24260,37.02291,-82.00059,Honaker
24263,36.67164,-83.15079,Jonesville
24265,36.83811,-82.93904,Keokee
24266,36.8671,-82.10523,Lebanon
24269,37.0803,-82.37894,McClure
24270,36.72846,-82.24693,Mendota
24271,36.74712,-82.41714,Nickelsville
24272,37.0302,-82.33401,Nora
24273,36.96142,-82.65632,Norton
24277,36.74948,-83.03037,Pennington Gap
24279,37.10383,-82.61909,Pound
24280,36.95575,-81.94167,Rosedale
24281,36.65051,-83.3295,Rose Hill
24282,36.82159,-83.05533,Saint Charles
24283,36.94155,-82.34554,Saint Paul
24290,36.61186,-82.56688,Weber City
24292,36.6147,-81.5791,Whitetop
24293,37.00559,-82.56458,Wise
24301,37.06319,-80.79735,Pulaski
24311,36.87292,-81.40161,Atkins
24312,36.83117,-80.86897,Austinville
24313,36.9105,-80.79805,Barren Springs
24314,37.17166,-81.20728,Bastian
24315,37.1393,-81.0534,Bland
24316,36.95277,-81.67145,Broadford
24317,36.60138,-80.66876,Cana
24318,37.00047,-81.38658,Ceres
24319,36.76048,-81.65778,Chilhowie
24322,36.80534,-81.1195,Cripple Creek
24323,36.86513,-81.1997,Crockett
24324,36.97461,-80.78836,Draper
24325,36.80918,-80.60608,Dugspur
24326,36.72771,-81.19625,Elk Creek
24327,36.77357,-81.82971,Emory
24328,36.66185,-80.69382,Fancy Gap
24330,36.72375,-81.02471,Fries
24333,36.64057,-80.92921,Galax
24340,36.75267,-81.75891,Glade Spring
24343,36.76612,-80.70045,Hillsville
24347,36.95958,-80.65598,Hiwassee
24348,36.63897,-81.17392,Independence
24350,36.81109,-81.01757,Ivanhoe
24351,36.58081,-80.76591,Lambsburg
24352,36.71547,-80.53437,Laurel Fork
24354,36.82159,-81.54001,Marion
24360,36.93917,-80.9023,Max Meadows
24361,36.76672,-81.84552,Meadowview
24363,36.6137,-81.40084,Mouth Of Wilson
24366,37.26426,-81.10315,Rocky Gap
24368,36.89283,-81.30003,Rural Retreat
24370,36.91345,-81.69107,Saltville
24374,36.79129,-81.20178,Speedwell
24375,36.77128,-81.39026,Sugar Grove
24377,37.00206,-81.56961,Tannersville
24378,36.69126,-81.42944,Troutdale
24380,36.85672,-80.50183,Willis
24381,36.72453,-80.83924,Woodlawn
24382,36.95702,-81.10652,Wytheville
24401,38.13257,-79.08846,Staunton
24411,38.11784,-79.33052,Augusta Springs
24412,38.05774,-79.83096,Bacova
24413,38.50753,-79.55925,Blue Grass
24415,37.91099,-79.31126,Brownsburg
24416,37.72892,-79.35534,Buena Vista
24421,38.26389,-79.20019,Churchville
24422,37.83041,-79.75128,Clifton Forge
24426,37.76589,-80.06927,Covington
24430,38.076,-79.34181,Craigsville
24431,38.16897,-78.83924,Crimora
24432,38.17639,-79.43845,Deerfield
24433,38.41817,-79.46461,Doe Hill
24435,37.86716,-79.30663,Fairfield
24437,38.2116,-78.933,Fort Defiance
24439,38.01151,-79.47359,Goshen
24440,37.99595,-79.16574,Greenville
24441,38.22823,-78.8109,Grottoes
24442,38.35971,-79.39028,Head Waters
24445,37.96615,-79.88013,Hot Springs
24448,37.79836,-79.79002,Iron Gate
24450,37.77883,-79.53888,Lexington
24457,37.79379,-79.87014,Low Moor
24458,38.33066,-79.51201,McDowell
24459,38.02955,-79.28621,Middlebrook
24460,38.02237,-79.65048,Millboro
24464,37.86082,-79.10398,Montebello
24465,38.39611,-79.64636,Monterey
24467,38.2592,-78.97249,Mount Sidney
24469,38.20099,-78.90828,New Hope
24471,38.30837,-78.79645,Port Republic
24472,37.93833,-79.22194,Raphine
24473,37.9129,-79.41052,Rockbridge Baths
24474,37.80504,-79.84731,Selma
24476,37.97231,-79.22,Steeles Tavern
24477,38.00416,-79.04374,Stuarts Draft
24479,38.15353,-79.23992,Swoope
24482,38.20502,-78.99706,Verona
24483,37.81484,-79.2256,Vesuvius
24484,38.1448,-79.82013,Warm Springs
24485,38.27521,-79.33165,West Augusta
24486,38.29366,-78.92925,Weyers Cave
24487,38.20099,-79.58105,Williamsville
24501,37.35565,-79.15608,Lynchburg
24502,37.35624,-79.2194,Lynchburg
24503,37.45272,-79.24286,Lynchburg
24504,37.36673,-79.04953,Lynchburg
24515,37.35261,-79.17827,Lynchburg
24517,37.14532,-79.23258,Altavista
24520,36.58486,-79.03752,Alton
24521,37.63672,-79.09539,Amherst
24522,37.37324,-78.78591,Appomattox
24523,37.3364,-79.52347,Bedford
24526,37.55452,-79.40169,Big Island
24527,36.7324,-79.34577,Blairs
24528,37.07733,-78.8777,Brookneal
24529,36.62452,-78.64001,Buffalo Junction
24530,36.80785,-79.61044,Callands
24531,36.83922,-79.44332,Chatham
24534,36.87835,-78.76691,Clover
24536,37.48996,-79.32097,Coleman Falls
24538,37.32908,-78.95367,Concord
24539,36.85376,-78.90728,Crystal Hill
24540,36.64235,-79.42473,Danville
24541,36.59072,-79.51572,Danville
24549,36.71584,-79.50632,Dry Fork
24550,37.23493,-79.26898,Evington
24551,37.36655,-79.3268,Forest
24553,37.54845,-78.81907,Gladstone
24554,37.13674,-79.06639,Gladys
24555,37.6678,-79.47007,Glasgow
24556,37.38093,-79.4021,Goode
24557,36.9666,-79.30401,Gretna
24558,36.77914,-78.95741,Halifax
24562,37.70577,-78.62241,Howardsville
24563,37.06106,-79.27385,Hurt
24565,36.85259,-79.18588,Java
24566,36.72747,-79.25069,Keeling
24569,37.0463,-79.12129,Long Island
24570,37.3486,-79.4272,Lowry
24571,37.13671,-79.37983,Lynch Station
24572,37.46514,-79.09628,Madison Heights
24574,37.57589,-79.24714,Monroe
24577,36.93762,-78.97553,Nathalie
24578,37.66269,-79.55693,Natural Bridge
24579,37.58763,-79.50483,Natural Bridge Station
24580,36.58328,-78.68,Nelson
24581,37.65692,-78.8098,Norwood
24586,36.60776,-79.2828,Ringgold
24588,37.26408,-79.09997,Rustburg
24589,36.75528,-78.75555,Scottsburg
24590,37.79353,-78.47767,Scottsville
24592,36.67808,-78.95474,South Boston
24593,37.32651,-78.91342,Spout Spring
24594,36.64217,-79.18504,Sutherlin
24595,37.55904,-79.08421,Sweet Briar
24597,36.78553,-79.1095,Vernon Hill
24598,36.60521,-78.7828,Virgilina
24599,37.63289,-78.72452,Wingina
24601,37.19068,-81.64049,Amonate
24602,37.18383,-81.65762,Bandy
24603,37.35607,-82.1914,Big Rock
24604,37.21088,-81.54378,Bishop
24605,37.24093,-81.36123,Bluefield
24606,37.28814,-81.39183,Boissevain
24607,37.29498,-82.26533,Breaks
24609,37.02955,-81.795,Cedar Bluff
24612,37.09728,-81.84461,Doran
24613,37.262,-81.3385,Falls Mills
24614,37.31466,-82.07181,Grundy
24620,37.43335,-82.01932,Hurley
24622,37.22005,-81.79638,Jewell Ridge
24630,37.17292,-81.4782,North Tazewell
24631,37.2202,-81.99714,Oakwood
24634,37.27411,-81.90253,Pilgrims Knob
24635,37.30683,-81.34962,Pocahontas
24637,37.05258,-81.70981,Pounding Mill
24639,37.17357,-81.90461,Raven